link,count
https://medium.com/,0
https://medium.com/upgrade?source=upgrade_membership---nav_full,0
https://medium.com/search,0
https://medium.com/m/signin?redirect=https%3A%2F%2Fmedium.com%2F&source=--------------------------nav_reg&operation=login,0
https://medium.com/m/signin?redirect=https%3A%2F%2Fmedium.com%2F&source=--------------------------nav_reg&operation=register,0
https://medium.com/,0
https://medium.com/,0
https://medium.com/s/youthnow,0
https://medium.com/topic/culture,0
https://medium.com/topic/technology,0
https://medium.com/topic/entrepreneurship,0
https://medium.com/topic/self,0
https://medium.com/topic/politics,0
https://medium.com/topic/design,0
https://medium.com/topic/science,0
https://medium.com/topic/popular,0
https://medium.com/topics,0
https://medium.com/s/story/three-perspectives-on-brett-kavanaugh-b951839eded0?source=grid_home---------0------------------18---,0
https://medium.com/s/story/three-perspectives-on-brett-kavanaugh-b951839eded0?source=grid_home---------0------------------18---,0
https://medium.com/s/story/three-perspectives-on-brett-kavanaugh-b951839eded0?source=grid_home---------0------------------18---,0
https://medium.com/@cameronblazer,0
https://medium.com/s/motherhood/why-im-only-having-one-kid-8d842bca5a18?source=grid_home---------0------------------18---,0
https://medium.com/s/motherhood/why-im-only-having-one-kid-8d842bca5a18?source=grid_home---------0------------------18---,0
https://medium.com/s/motherhood/why-im-only-having-one-kid-8d842bca5a18?source=grid_home---------0------------------18---,0
https://medium.com/@catherine_price,0
https://medium.com/s/motherhood,0
https://medium.com/s/story/artificial-intelligence-will-keep-our-loved-ones-alive-replika-ai-bot-google-duplex-2dc02eec55dc?source=grid_home---------0------------------18---,0
https://medium.com/s/story/artificial-intelligence-will-keep-our-loved-ones-alive-replika-ai-bot-google-duplex-2dc02eec55dc?source=grid_home---------0------------------18---,0
https://medium.com/s/story/artificial-intelligence-will-keep-our-loved-ones-alive-replika-ai-bot-google-duplex-2dc02eec55dc?source=grid_home---------0------------------18---,0
https://medium.com/@thomas_mac,0
https://medium.com/s/story/the-infantilization-of-women-during-pregnancy-and-birth-106408db08?source=grid_home---------0------------------18---,0
https://medium.com/s/story/the-infantilization-of-women-during-pregnancy-and-birth-106408db08?source=grid_home---------0------------------18---,0
https://medium.com/s/story/the-infantilization-of-women-during-pregnancy-and-birth-106408db08?source=grid_home---------0------------------18---,0
https://medium.com/@afroveganmama,0
https://medium.com/s/jessica-valenti/how-very-bad-men-get-away-with-rape-317e1db7a919?source=grid_home---------0------------------18---,0
https://medium.com/s/jessica-valenti/how-very-bad-men-get-away-with-rape-317e1db7a919?source=grid_home---------0------------------18---,0
https://medium.com/s/jessica-valenti/how-very-bad-men-get-away-with-rape-317e1db7a919?source=grid_home---------0------------------18---,0
https://medium.com/@jessicavalenti,0
https://medium.com/s/jessica-valenti,0
https://medium.com/topic/editors-picks,0
https://medium.com/m/signin?redirect=https%3A%2F%2Fmedium.com%2F&operation=register&source=promo-lo_H42gZcYKvuhM-------home_hero_conversion------------------homepage_banner,0
https://medium.com/about?source=promo-lo_H42gZcYKvuhM-------home_hero_conversion------------------homepage_banner,0
https://help.medium.com,0
https://medium.statuspage.io,0
https://medium.com/creators,0
https://medium.com/3minread,0
https://medium.com/jobs-at-medium/work-at-medium-959d1a85284e,0
https://medium.com/policy/f03bf92035c9,0
https://about.medium.com,0
https://medium.com/,0
https://medium.com/upgrade?source=upgrade_membership---nav_full,0
https://medium.com/search,0
https://medium.com/m/signin?redirect=https%3A%2F%2Fmedium.com%2Fsearch&source=--------------------------nav_reg&operation=login,0
https://medium.com/m/signin?redirect=https%3A%2F%2Fmedium.com%2Fsearch&source=--------------------------nav_reg&operation=register,0
https://medium.com/,0
https://medium.com/,0
https://medium.com/,0
https://medium.com/policy/f03bf92035c9,0
https://medium.com/,0
https://medium.com/upgrade?source=upgrade_membership---nav_full,0
https://medium.com/search,0
https://medium.com/m/signin?redirect=https%3A%2F%2Fmedium.com%2F&source=--------------------------nav_reg&operation=login,0
https://medium.com/m/signin?redirect=https%3A%2F%2Fmedium.com%2F&source=--------------------------nav_reg&operation=register,0
https://medium.com/,0
https://medium.com/,0
https://medium.com/s/youthnow,0
https://medium.com/topic/culture,0
https://medium.com/topic/technology,0
https://medium.com/topic/entrepreneurship,0
https://medium.com/topic/self,0
https://medium.com/topic/politics,0
https://medium.com/topic/design,0
https://medium.com/topic/science,0
https://medium.com/topic/popular,0
https://medium.com/topics,0
https://medium.com/s/story/three-perspectives-on-brett-kavanaugh-b951839eded0?source=grid_home---------0------------------18---,0
https://medium.com/s/story/three-perspectives-on-brett-kavanaugh-b951839eded0?source=grid_home---------0------------------18---,0
https://medium.com/s/story/three-perspectives-on-brett-kavanaugh-b951839eded0?source=grid_home---------0------------------18---,0
https://medium.com/@cameronblazer,0
https://medium.com/s/motherhood/why-im-only-having-one-kid-8d842bca5a18?source=grid_home---------0------------------18---,0
https://medium.com/s/motherhood/why-im-only-having-one-kid-8d842bca5a18?source=grid_home---------0------------------18---,0
https://medium.com/s/motherhood/why-im-only-having-one-kid-8d842bca5a18?source=grid_home---------0------------------18---,0
https://medium.com/@catherine_price,0
https://medium.com/s/motherhood,0
https://medium.com/s/story/artificial-intelligence-will-keep-our-loved-ones-alive-replika-ai-bot-google-duplex-2dc02eec55dc?source=grid_home---------0------------------18---,0
https://medium.com/s/story/artificial-intelligence-will-keep-our-loved-ones-alive-replika-ai-bot-google-duplex-2dc02eec55dc?source=grid_home---------0------------------18---,0
https://medium.com/s/story/artificial-intelligence-will-keep-our-loved-ones-alive-replika-ai-bot-google-duplex-2dc02eec55dc?source=grid_home---------0------------------18---,0
https://medium.com/@thomas_mac,0
https://medium.com/s/story/the-infantilization-of-women-during-pregnancy-and-birth-106408db08?source=grid_home---------0------------------18---,0
https://medium.com/s/story/the-infantilization-of-women-during-pregnancy-and-birth-106408db08?source=grid_home---------0------------------18---,0
https://medium.com/s/story/the-infantilization-of-women-during-pregnancy-and-birth-106408db08?source=grid_home---------0------------------18---,0
https://medium.com/@afroveganmama,0
https://medium.com/s/jessica-valenti/how-very-bad-men-get-away-with-rape-317e1db7a919?source=grid_home---------0------------------18---,0
https://medium.com/s/jessica-valenti/how-very-bad-men-get-away-with-rape-317e1db7a919?source=grid_home---------0------------------18---,0
https://medium.com/s/jessica-valenti/how-very-bad-men-get-away-with-rape-317e1db7a919?source=grid_home---------0------------------18---,0
https://medium.com/@jessicavalenti,0
https://medium.com/s/jessica-valenti,0
https://medium.com/topic/editors-picks,0
https://medium.com/m/signin?redirect=https%3A%2F%2Fmedium.com%2F&operation=register&source=promo-lo_JnbdjyW4ecqv-------home_hero_conversion------------------homepage_banner,0
https://medium.com/about?source=promo-lo_JnbdjyW4ecqv-------home_hero_conversion------------------homepage_banner,0
https://help.medium.com,0
https://medium.statuspage.io,0
https://medium.com/creators,0
https://medium.com/3minread,0
https://medium.com/jobs-at-medium/work-at-medium-959d1a85284e,0
https://medium.com/policy/f03bf92035c9,0
https://about.medium.com,0
https://medium.com/,0
https://medium.com/,0
https://medium.com/policy/f03bf92035c9,0
https://medium.com/,0
https://medium.com/about?source=upgrade_membership---nav_full,0
https://medium.com/membership?source=upgrade_membership---nav_full,0
https://medium.com/,0
https://medium.com/payment?source=upgrade_membership---nav_full,0
https://medium.com/about,0
https://medium.com/membership,0
